"id","severity","tranche","work_package","title","status","commit","proving_test","proving_test_result","notes"
"F-001","P2","0","WP-07","Customer-facing product name is still FindIt across ~60 files (111 occurrences) including the entire live legal corpus","NOT-STARTED","","","",""
"F-002","P2","0","WP-07","Brand contract test asserts FindIt-absence in only 3 files while 111 occurrences remain","NOT-STARTED","","","",""
"F-003","P1","0","WP-08","Public Peeks — the stated core differentiator — are gated off in every production configuration path in the repository and release acceptance is unevidenced","NOT-STARTED","","","",""
"F-011","P1","0","WP-06","Live Privacy Policy and Terms contain unfilled [TO BE COMPLETED] placeholders including operator legal name and registered address","NOT-STARTED","","","",""
"F-012","P1","0","WP-02","All 5 quality and deployment workflows fail at canonical main HEAD with no successful run in recent history","NOT-STARTED","","","",""
"F-013","P1","0","WP-01","A single early gate failure causes lint, all four typechecks, the build, contracts and internal certification to skip","DONE","cb0b6c6","node --test ./tests/sqlRollbackBoundary.test.mjs; node ./scripts/verify-sql-boundary.mjs","LOCAL-EXEC PASS (12/12 tests, gate exits 0) | CI-VERIFIED PASS (run 31144698189: 0 verification steps skipped; step 9 failed yet steps 10-24 all ran)","Gate exemption narrowed to paired-migration-created tables; cascade guarded in release-candidate-gates.yml (16 steps) and migration-gates.yml (12 steps). See audit/remediation/WP-01-F-013.md"
"F-027","P1","0","WP-04","MFA is enforced only in the browser; no assurance-level check exists in any policy, function or trigger, so an aal1 token reaches every admin RPC directly","NOT-STARTED","","","",""
"F-033","P2","0","WP-05","No evidence of EXIF/GPS stripping on listing images, which defeats the deliberate coordinate coarsening","NOT-STARTED","","","",""
"F-054","P1","0","WP-03","Staging deployment is failing, so the environment the capability model depends on is not being built","NOT-STARTED","","","",""
"F-004","P2","1","WP-23","Capability gating trusts a client-readable hostname prefix","NOT-STARTED","","","",""
"F-014","P2","1","WP-10","typecheck and typecheck:active fail on main with 10 errors, unreported because CI never reaches those steps","DONE","8dc68fd","npm run typecheck && npm run typecheck:active","LOCAL-EXEC PASS (both exit 0; was exit 2 with 10 errors)","JSDoc typedefs pin useMutation TVariables (was defaulting to void); profileSaved declared on the global Error interface alongside the existing code/correlationId/retryable augmentations. No runtime behaviour changed. See audit/remediation/WP-10-F-014.md"
"F-015","P2","1","WP-24","Permissions-Policy camera=() may conflict with Peek capture, and UI copy anticipates a permission the capture flow never requests","NOT-STARTED","","","",""
"F-017","P2","1","WP-19","PWA manifest ships a single SVG icon with no apple-touch-icon, no raster PNG and no maskable purpose, and a contract test locks it in","NOT-STARTED","","","",""
"F-026","P2","1","WP-20","peek_requests.moderation_status defaults to 'pending' while the live contract requires 'approved', so any insert path omitting it strands the request invisibly","NOT-STARTED","","","",""
"F-029","P2","1","WP-15","Sellers cannot mark a listing sold; the only terminal action is unavailable","NOT-STARTED","","","",""
"F-030","P2","1","WP-16","The seller's new-Peek-Request notification deep-links to the buyer page and there is no top-level seller queue route","NOT-STARTED","","","",""
"F-031","P2","1","WP-17","Messaging has no realtime transport and no refetch on focus or reconnect, so new messages can go unseen","NOT-STARTED","","","",""
"F-034","P2","1","WP-13","The Turnstile Edge Function is deployed but never invoked from the frontend","NOT-STARTED","","","",""
"F-035","P2","1","WP-14","The contact-reveal cap is per account while account creation is unprotected, so scraping scales linearly with free accounts","NOT-STARTED","","","",""
"F-036","P2","1","WP-21","Price sorting and range filtering compare raw numbers across currencies with no normalised sort key","NOT-STARTED","","","",""
"F-042","P2","1","WP-18","No evidence of server-side image derivatives or srcset for listing stills","NOT-STARTED","","","",""
"F-043","P1","1","WP-11","No per-route metadata, OG tags or prerendering, so every shared listing produces an identical blank preview","NOT-STARTED","","","",""
"F-046","P1","1","WP-12","No frontend error reporting exists, so browser failures are invisible to operators","NOT-STARTED","","","",""
"F-049","P2","1","WP-09","Obsolete tests assert a removed Peek moderation step and the old brand, contradicting current product decisions and each other","DONE","PENDING","node --test ./tests/*.test.mjs && node --test ./tests/security/*.test.mjs","LOCAL-EXEC PASS - contract failures 14 -> 11; security suite 40/1 -> 41/41 fully green. 6 obsolete/stale tests reconciled.","Classification was the work: 6 of 15 reds were obsolete or stale, 9 are correct tests catching real defects and were left red. apple-touch-icon assertion moved to webAppManifest.test.mjs rather than dropped. See audit/remediation/WP-09-F-049.md"
"F-051","P2","1","WP-22","No browser or E2E framework, so the highest-value end-to-end journey is never executed","NOT-STARTED","","","",""
"F-057","P2","1","WP-25","No evidence of a restore drill and no stated RPO or RTO","NOT-STARTED","","","",""
"F-005","P3","2","WP-33","Local development lacks an .nvmrc so contributor Node versions can drift from the CI pin","NOT-STARTED","","","",""
"F-006","P3","2","WP-33","TRUSTED_STAGING_BRANCHES lists 4 branches stale relative to main that still auto-enable gated capabilities","NOT-STARTED","","","",""
"F-008","P3","2","WP-33","VITE_WEB_PUSH_PUBLIC_KEY is used in src but absent from .env.example and unvalidated","NOT-STARTED","","","",""
"F-010","P3","2","WP-33","5 orphaned Peek/Tour component files are never imported","NOT-STARTED","","","",""
"F-016","P3","2","WP-33","Post-deploy chunk-load rejection surfaces as a generic error screen rather than a reload prompt","NOT-STARTED","","","",""
"F-018","P3","2","WP-33","Roughly 340 KB of unreferenced legacy FindIt brand PNGs remain in the repository","NOT-STARTED","","","",""
"F-019","P2","2","WP-26","The versioned category schema registry (~1,100 LOC) is entirely unreachable from live code","NOT-STARTED","","","",""
"F-020","P2","2","WP-26","listings.attributes and services.attributes are never written and hold the default document permanently","NOT-STARTED","","","",""
"F-021","P2","2","WP-26","Stored attributes are 4-7 columns per vertical; duty/import status, utilities, tenure, capacity and land-vs-built size are absent from the database","NOT-STARTED","","","",""
"F-022","P3","2","WP-33","p_detail values are cast but not range-validated in the submission RPC and unknown enum values silently coerce to 'other'","NOT-STARTED","","","",""
"F-023","P3","2","WP-33","14 tables outside the stated MVP boundary remain in the schema as live attack surface","NOT-STARTED","","","",""
"F-025","P3","2","WP-33","marketplace_operational_controls is world-readable including its configuration jsonb and updated_by admin UUID","NOT-STARTED","","","",""
"F-028","P3","2","WP-33","Search mixes keyset cursor pagination with an offset range() path","NOT-STARTED","","","",""
"F-037","P3","2","WP-33","'Current evidence' wording implies a recency the pipeline does not attest","NOT-STARTED","","","",""
"F-038","P2","2","WP-27","No duplicate or stolen-media detection against the highest-frequency fraud pattern in property and vehicle marketplaces","NOT-STARTED","","","",""
"F-039","P3","2","WP-33","Reduced-motion support is near-absent and the mask-icon colour is inconsistent with the brand direction","NOT-STARTED","","","",""
"F-040","P2","2","WP-28","Initial JS of roughly 178 KB gzip is heavy for the mid-range-Android and 3G target","NOT-STARTED","","","",""
"F-041","P2","2","WP-28","The public listing projection ships full descriptions to card and search views","NOT-STARTED","","","",""
"F-044","P2","2","WP-29","No sitemap.xml exists or is referenced","NOT-STARTED","","","",""
"F-047","P2","2","WP-29","No product analytics, so none of the four critical funnels is measurable for drop-off","NOT-STARTED","","","",""
"F-048","P2","2","WP-29","No self-service data export; requests are manual with no documented process or SLA","NOT-STARTED","","","",""
"F-050","P2","2","WP-30","83 percent of test files assert on source strings rather than behaviour","NOT-STARTED","","","",""
"F-053","P2","2","WP-31","Feature flags are build-time only, so incident response requires a redeploy on a pipeline that is currently red","NOT-STARTED","","","",""
"F-055","P2","2","WP-31","The Cloudflare edge layer is largely declared but unused and no wrangler.toml is committed","NOT-STARTED","","","",""
"F-056","P2","2","WP-32","59 of 159 migrations have no rollback script","NOT-STARTED","","","",""
"F-007","P3","3","WP-35","21 npm scripts retain obsolete tours product vocabulary","NOT-STARTED","","","",""
"F-009","P3","3","WP-35","6.5 MB mock video tracked in git","NOT-STARTED","","","",""
"F-024","P3","3","WP-35","Non-vehicle categories under listing_kind car inherit meaningless vehicle detail fields","NOT-STARTED","","","",""
"F-045","P3","3","WP-35","Listing URLs are bare UUIDs with no slug and removed listings return HTTP 200","NOT-STARTED","","","",""
"F-052","P3","3","WP-35","Admin Peek queue uses pre-approval vocabulary for what is actually report-driven safety","NOT-STARTED","","","",""
"F-058","P2","1","WP-02","traceContext.js accesses sessionStorage outside the guarded browserStorage boundary","NOT-STARTED","","npm run audit:product-surface exits 0","","NOT an original audit finding - surfaced by fixing F-013, since ""Audit routed product surface"" had never run. src/lib/traceContext.js:15,18 use globalThis.sessionStorage directly instead of readStoredString/writeStoredString from src/lib/browserStorage.js. Owned by WP-02."
"F-059","P2","1","WP-09","Seller-facing Peek queue promises a moderation/approval step the MVP removed","NOT-STARTED","","node --test ./tests/responsePeekUploadContracts.test.mjs","","BuyerPeekRequestsQueue.jsx:277 tells sellers the request ""remains open while the video is uploaded, processed and moderated. It becomes answered only after approval""; :193 toast says ""automatically after approval"". MVP has no Peek moderation. Proving test already written (test 508). NOT an original audit finding."
"F-060","P2","1","WP-02","buyer-journey-certification.yml does not normalize package-lock before install","NOT-STARTED","","node --test ./tests/packageLockNormalizationContracts.test.mjs","","Every other locked workflow runs scripts/normalize-package-lock.mjs first. Supply-chain hygiene. Pre-existing; not caused by this branch. NOT an original audit finding."
"F-061","P2","1","WP-02","pages-preview.yml pins actions/checkout@v4, a mutable tag, not an immutable commit SHA","NOT-STARTED","","node --test ./tests/workflowPinningContracts.test.mjs","","Every other workflow pins 3d3c42e5aac5ba805825da76410c181273ba90b1. A moved tag silently changes what CI executes. Pre-existing; not caused by this branch. NOT an original audit finding."
